{
  "generatedBy": "Microsoft.NET.Sdk.Functions.Generator-4.1.3",
  "configurationSource": "attributes",
  "bindings": [
    {
      "type": "httpTrigger",
      "methods": [
        "get"
      ],
      "authLevel": "function",
      "name": "req"
    },
    {
      "type": "cosmosDB",
      "databaseName": "%COSMOSDB_DATABASE_NAME%",
      "collectionName": "%COSMOSDB_DATABASE_COL%",
      "createIfNotExists": false,
      "connectionStringSetting": "COSMOSDB_CONNECTION_STRING",
      "id": "{Query.deviceId}",
      "partitionKey": "{Query.deviceId}",
      "useMultipleWriteLocations": false,
      "useDefaultJsonSerialization": false,
      "name": "deviceStatus"
    }
  ],
  "disabled": false,
  "scriptFile": "../bin/DroneStatusFunctionApp.dll",
  "entryPoint": "DroneStatusFunctionApp.GetStatusFunction.Run"
}